build,workload,tabs,streaming,sample_ms,workspace_sse,task_sse,topic_ws,preview_ws,cold_main_count,cold_requests,requests,steady_requests_per_second,request_failures,pending_requests,server_cpu_ms,server_rss_mib,browser_cpu_ms,browser_rss_mib,renderer_task_ms,js_heap_mib,get_samples,get_failed,get_p50_ms,get_p95_ms,get_max_ms,click_samples,click_failed,click_p50_ms,click_p95_ms,click_max_ms
before,overview,1,False,20003,1,0,1,0,1,42,53,0.55,1,0,190,198.6,2940,1484.1,788,12.5,7,0,4.6,5.1,5.1,7,0,46.2,53.0,53.0
before,overview,1,True,20003,1,0,1,0,1,42,53,0.55,1,0,290,198.1,3030,1483.5,779,13.9,7,0,4.5,5.5,5.5,7,0,43.8,53.7,53.7
before,overview,3,False,20005,3,0,3,0,3,126,138,0.6,4,0,220,194.7,3120,1868.7,862,53.9,7,0,4.8,5.4,5.4,7,0,51.8,60.5,60.5
before,overview,3,True,20089,3,0,3,0,3,126,138,0.6,3,0,520,201.5,4380,1876.5,1104,52.8,8,0,5.1,6.7,6.7,8,0,54.8,67.4,67.4
before,overview,6,False,20016,6,0,4,0,6,251,260,0.45,17,27,150,188.7,2040,2387.8,856,93.4,4,4,2000.4,2001.7,2001.7,4,0,51.6,192.2,192.2
before,overview,6,True,22068,6,0,4,0,6,252,263,0.5,18,17,520,219.6,4020,2400.1,1465,114.8,5,5,2000.4,2000.9,2000.9,5,0,158.9,238.9,238.9
before,overview,10,False,20004,6,0,6,0,10,404,413,0.45,16,52,40,195.1,1730,3119.7,412,173.9,4,4,2000.4,2000.5,2000.5,4,0,38.3,57.2,57.2
before,overview,10,True,22078,6,0,6,0,10,405,416,0.5,17,51,390,218.1,3070,3127.1,669,175.7,5,5,2000.2,2000.3,2000.3,5,0,54.2,66.7,66.7
before,repeated,1,False,20003,1,1,1,0,1,63,73,0.5,2,0,200,201.6,2990,1508.0,796,15.5,7,0,5.1,8.4,8.4,7,0,51.8,54.8,54.8
before,repeated,1,True,20179,1,1,1,0,1,63,78,0.74,4,0,540,203.9,22840,1698.8,13837,42.0,8,0,6.4,128.7,128.7,8,0,84.1,164.9,164.9
before,repeated,3,False,20004,3,3,3,0,3,189,194,0.25,10,1,70,194.8,1760,1835.8,403,38.4,4,4,2000.3,2000.4,2000.4,4,0,46.7,49.0,49.0
before,repeated,3,True,22077,3,3,3,0,3,189,198,0.41,11,4,400,206.2,20640,2003.2,11933,71.3,5,5,2004.3,2020.3,2020.3,5,0,59.6,86.6,86.6
before,repeated,6,False,22065,6,0,6,0,6,354,364,0.45,27,47,70,188.8,3390,2375.3,582,96.5,5,5,2000.3,2000.4,2000.4,5,0,43.9,50.1,50.1
before,repeated,6,True,20015,5,1,5,0,6,335,341,0.3,14,25,630,196.3,21850,2553.4,15019,124.9,4,4,2003.4,2067.3,2067.3,4,0,89.3,374.4,374.4
before,repeated,10,False,22075,4,2,7,0,10,521,527,0.27,22,69,80,197.6,2110,3085.6,712,155.9,5,5,2000.4,2000.4,2000.4,5,0,67.0,126.2,126.2
before,repeated,10,True,20020,6,0,7,0,10,527,535,0.4,26,77,210,197.3,3250,3115.6,593,171.4,4,4,2000.3,2000.5,2000.5,4,0,44.5,73.2,73.2
before,distinct,1,False,20004,1,1,1,0,1,63,73,0.5,2,0,290,200.9,3740,1519.2,1363,15.4,7,0,17,36.7,36.7,7,0,89.4,109.4,109.4
before,distinct,1,True,20037,1,1,1,0,1,63,77,0.7,4,0,880,200.4,28920,1678.5,18437,46.8,7,0,38.9,111,111,7,0,129.9,224.7,224.7
before,distinct,3,False,22135,3,3,3,0,3,188,194,0.27,11,1,80,196.5,2070,1853.5,757,40.8,5,5,2000.4,2001.1,2001.1,5,0,89.9,92.9,92.9
before,distinct,3,True,22296,3,3,3,0,3,188,197,0.4,11,4,800,222.7,29290,2024.6,17675,59.5,5,5,2002.8,2018.2,2018.2,5,0,108.8,169.9,169.9
before,distinct,6,False,22160,6,0,3,0,6,351,361,0.45,21,46,80,197.7,4170,2356.4,1262,81.8,5,5,2000.5,2000.9,2000.9,5,0,112.4,249.5,249.5
before,distinct,6,True,20021,6,0,4,0,6,331,339,0.4,21,32,610,214.4,3970,2391.1,1089,99.0,4,4,2000.5,2005.1,2005.1,4,0,94.0,172.1,172.1
before,distinct,10,False,20012,6,0,4,0,10,540,548,0.4,20,77,50,193.5,3800,3104.5,940,156.8,4,4,2001.3,2001.9,2001.9,4,0,75.8,156.4,156.4
before,distinct,10,True,20016,6,0,2,0,10,490,498,0.4,24,79,670,221.0,3980,3107.8,1240,167.7,4,4,2000.5,2000.5,2000.5,4,0,85.8,120.8,120.8
after,overview,1,False,20003,1,0,1,0,1,49,60,0.55,0,1,180,196.6,2730,1538.8,754,13.1,7,0,4.6,5.5,5.5,7,0,48.7,54.9,54.9
after,overview,1,True,20003,1,0,1,0,1,49,60,0.55,0,1,310,201.0,3150,1540.3,808,15.2,7,0,4.4,4.6,4.6,7,0,49.8,52.7,52.7
after,overview,3,False,20004,1,0,1,0,3,131,143,0.6,1,1,310,200.9,2910,1917.2,792,54.5,7,0,4.5,5.7,5.7,7,0,50.3,57.1,57.1
after,overview,3,True,20074,1,0,1,0,3,131,143,0.6,0,1,370,199.3,3480,1919.5,968,55.0,8,0,4.7,7.3,7.3,8,0,51.2,59.8,59.8
after,overview,6,False,20005,1,0,1,0,6,254,265,0.55,0,1,180,197.8,2790,2451.1,758,119.4,7,0,4.6,4.9,4.9,7,0,44.7,50.4,50.4
after,overview,6,True,20004,1,0,1,0,6,254,265,0.55,0,1,410,218.6,3510,2458.5,911,115.4,7,0,4.7,5.2,5.2,7,0,49.8,59.9,59.9
after,overview,10,False,20005,1,0,1,0,10,418,430,0.6,1,1,320,199.3,2760,3211.0,759,187.2,7,0,4.7,6.3,6.3,7,0,47.2,54.2,54.2
after,overview,10,True,20072,1,0,1,0,10,410,422,0.6,0,1,440,217.6,3390,3216.4,1025,202.3,8,0,4.4,5,5,8,0,54.9,59.4,59.4
after,repeated,1,False,20004,1,1,1,0,1,70,80,0.5,1,1,170,196.7,2960,1531.3,791,16.1,7,0,5,7.3,7.3,7,0,49.9,63.5,63.5
after,repeated,1,True,20189,1,1,1,0,1,70,85,0.74,3,1,790,204.5,26160,1733.3,15903,86.6,8,0,12.1,43.9,43.9,8,0,112.5,132.0,132.0
after,repeated,3,False,20007,1,1,1,0,3,192,202,0.5,1,1,280,197.1,3630,1887.0,1088,40.1,7,0,7.2,10.8,10.8,7,0,67.8,88.3,88.3
after,repeated,3,True,20004,1,1,1,0,3,192,206,0.7,3,1,670,218.0,25690,2088.7,15416,108.2,7,0,13.5,192.7,192.7,7,0,109.2,137.0,137.0
after,repeated,6,False,20004,1,1,1,0,6,371,381,0.5,1,1,270,197.8,3630,2417.2,1109,71.0,7,0,7.2,13.8,13.8,7,0,67.1,104.6,104.6
after,repeated,6,True,20716,1,1,1,0,6,375,390,0.72,5,1,880,220.9,26040,2608.6,16281,139.2,8,0,9.3,169.2,169.2,8,0,99.9,292.4,292.4
after,repeated,10,False,20020,1,1,1,0,10,618,628,0.5,6,1,270,197.8,3790,3115.2,1469,118.7,7,0,10.8,38.2,38.2,7,0,74.2,146.0,146.0
after,repeated,10,True,20190,1,1,1,0,10,618,632,0.69,14,1,700,209.8,27510,3307.8,18302,177.4,7,0,64.3,106.2,106.2,7,0,141.0,311.6,311.6
after,distinct,1,False,20004,1,1,1,0,1,70,80,0.5,1,1,310,199.4,3680,1536.6,1829,14.0,7,0,15.7,26.7,26.7,7,0,120.6,138.7,138.7
after,distinct,1,True,20002,1,1,1,0,1,70,84,0.7,3,1,480,210.5,18370,1727.3,10956,64.3,7,0,6.4,28.3,28.3,7,0,77.0,80.7,80.7
after,distinct,3,False,20003,1,1,1,0,3,191,201,0.5,1,1,250,197.8,2830,1890.0,786,36.6,7,0,4.5,4.7,4.7,7,0,44.2,76.3,76.3
after,distinct,3,True,20104,1,1,1,0,3,191,206,0.75,3,1,680,206.2,19830,2109.0,11833,109.4,8,0,6.7,8.6,8.6,8,0,70.2,111.7,111.7
after,distinct,6,False,20004,1,1,1,0,6,372,382,0.5,1,1,340,199.9,2980,2410.2,752,71.4,7,0,5,6.8,6.8,7,0,46.7,55.4,55.4
after,distinct,6,True,20107,1,1,1,0,6,372,387,0.75,4,1,580,217.9,17890,2623.7,10427,121.1,8,0,5.1,24.6,24.6,8,0,63.7,93.6,93.6
after,distinct,10,False,20005,1,1,1,0,10,614,624,0.5,1,1,180,205.6,2910,3118.7,770,119.8,7,0,4.6,5.4,5.4,7,0,47.3,54.0,54.0
after,distinct,10,True,20118,1,1,1,0,10,614,629,0.75,3,1,670,232.6,18410,3346.4,10896,169.0,8,0,5.5,14.2,14.2,8,0,70.4,92.3,92.3
windows-before,distinct,1,False,20002,1,1,1,0,1,63,73,0.5,2,0,230,198.7,2910,1538.4,803,15.4,7,0,4.5,7.2,7.2,7,0,46.0,113.0,113.0
windows-before,distinct,1,True,20075,1,1,1,0,1,63,78,0.75,4,0,440,203.2,17540,1714.9,10359,45.0,8,0,5.9,10.5,10.5,8,0,57.8,74.0,74.0
windows-before,distinct,10,False,20005,6,0,4,0,10,540,548,0.4,24,73,40,196.4,6270,3513.7,628,152.1,4,4,2000.2,2000.4,2000.4,4,0,25.0,34.2,34.2
windows-before,distinct,10,True,20006,6,0,4,0,10,509,517,0.4,25,122,320,215.8,5370,3478.6,641,165.7,4,4,2000.3,2000.4,2000.4,4,0,27.0,36.4,36.4
windows-after,distinct,1,False,20003,1,1,1,0,1,70,80,0.5,1,1,180,197.8,2840,1558.6,775,14.0,7,0,5,5.9,5.9,7,0,47.0,79.5,79.5
windows-after,distinct,1,True,20093,1,1,1,0,1,70,85,0.75,3,1,480,210.8,19020,1751.4,11152,40.5,8,0,5.5,47.9,47.9,8,0,59.7,88.7,88.7
windows-after,distinct,10,False,20006,1,1,1,0,10,647,657,0.5,25,1,200,201.5,3160,3668.5,784,150.7,7,0,4.5,5.6,5.6,7,0,48.7,55.9,55.9
windows-after,distinct,10,True,20007,1,1,1,0,10,648,718,3.5,68,1,1740,245.9,215060,5781.0,150597,707.3,7,0,10.7,55.7,55.7,7,0,121.7,158.2,158.2
